E_MeV,sigma_el_mb,delta_sigma_el_mb
300.0,40.03066715252248,4.003066715252248
345.0,29.535416103020808,0.5697717775821478
