E_MeV,sigma_inel_mb,delta_sigma_inel_mb
300.0,4.283666423738758,2.237439559337884
345.0,10.067764475962122,0.36614200746743075
